order_id,customer_id,order_date,product_id,product_name,gross_revenue,discount,refund,utm_source,country
1243,C0133,2025-02-23,P006,Peptide Firming Moisturizer,48,5,0,organic,Australia
1248,C0134,2025-04-12,P008,AHA + BHA Glow Toner,29,5,0,organic,Australia
1042,C0023,2025-01-20,P002,2% Salicylic Acid Exfoliant,32,0,32,meta,UK
1521,C0298,2025-01-18,P005,Retinol Renewal Night Cream,42,5,0,meta,Australia
1205,C0111,2025-03-13,P010,Caffeine Under Eye Serum,26,0,26,meta,Canada
1586,C0332,2025-04-28,P003,Hyaluronic Acid Hydration Serum,30,0,0,meta,USA
1560,C0320,2025-06-14,P010,Caffeine Under Eye Serum,26,0,0,meta,Australia
1480,C0273,2025-01-15,P001,10% Niacinamide Serum,28,5,28,meta,UK
1574,C0326,2025-03-25,P010,Caffeine Under Eye Serum,26,5,0,meta,Canada
1698,C0396,2025-05-30,P005,Retinol Renewal Night Cream,42,0,0,google,USA
1347,C0193,2025-04-07,P004,Vitamin C Brightening Serum,36,0,0,organic,USA
1207,C0113,2025-02-19,P007,Ceramide Barrier Repair Cream,38,0,0,email,Canada
1238,C0131,2025-05-08,P008,AHA + BHA Glow Toner,29,0,0,google,Canada
1564,C0322,2025-06-04,P007,Ceramide Barrier Repair Cream,38,0,0,organic,UK
1264,C0146,2025-02-01,P009,SPF 50 Mineral Sunscreen,34,5,0,meta,Canada
1504,C0286,2025-02-01,P009,SPF 50 Mineral Sunscreen,34,0,0,meta,Canada
1527,C0301,2025-01-03,P007,Ceramide Barrier Repair Cream,38,0,38,meta,Canada
1186,C0101,2025-05-17,P005,Retinol Renewal Night Cream,42,5,42,organic,UK
1616,C0349,2025-03-12,P006,Peptide Firming Moisturizer,48,5,0,meta,Canada
1226,C0125,2025-01-02,P004,Vitamin C Brightening Serum,36,5,0,meta,Australia
1516,C0295,2025-04-25,P005,Retinol Renewal Night Cream,42,0,42,meta,Canada
1021,C0011,2025-06-26,P002,2% Salicylic Acid Exfoliant,32,0,0,organic,Canada
1024,C0012,2025-05-11,P007,Ceramide Barrier Repair Cream,38,0,0,meta,Canada
1269,C0149,2025-05-26,P007,Ceramide Barrier Repair Cream,38,0,0,organic,Canada
1602,C0341,2025-04-15,P010,Caffeine Under Eye Serum,26,0,26,meta,Australia
1359,C0201,2025-03-08,P007,Ceramide Barrier Repair Cream,38,5,0,email,USA
1663,C0377,2025-03-17,P007,Ceramide Barrier Repair Cream,38,5,0,meta,USA
1230,C0127,2025-04-16,P001,10% Niacinamide Serum,28,5,28,organic,Canada
1234,C0129,2025-04-21,P004,Vitamin C Brightening Serum,36,5,0,meta,Canada
1284,C0156,2025-04-07,P007,Ceramide Barrier Repair Cream,38,5,0,organic,Australia
1338,C0188,2025-04-02,P010,Caffeine Under Eye Serum,26,5,0,google,Australia
1151,C0084,2025-06-08,P006,Peptide Firming Moisturizer,48,0,0,email,Canada
1036,C0020,2025-01-17,P003,Hyaluronic Acid Hydration Serum,30,0,0,meta,Canada
1240,C0132,2025-04-01,P009,SPF 50 Mineral Sunscreen,34,0,0,google,Canada
1558,C0319,2025-05-12,P007,Ceramide Barrier Repair Cream,38,0,38,google,Australia
1055,C0031,2025-03-14,P007,Ceramide Barrier Repair Cream,38,0,0,meta,Australia
1511,C0290,2025-06-12,P003,Hyaluronic Acid Hydration Serum,30,0,0,google,Australia
1425,C0241,2025-04-16,P009,SPF 50 Mineral Sunscreen,34,0,0,meta,Australia
1297,C0164,2025-04-09,P005,Retinol Renewal Night Cream,42,0,0,meta,Canada
1391,C0221,2025-03-30,P003,Hyaluronic Acid Hydration Serum,30,5,0,meta,UK
1465,C0264,2025-03-08,P001,10% Niacinamide Serum,28,0,0,meta,Canada
1157,C0087,2025-03-02,P001,10% Niacinamide Serum,28,0,28,organic,Australia
1529,C0303,2025-03-12,P002,2% Salicylic Acid Exfoliant,32,0,0,meta,UK
1265,C0147,2025-01-18,P004,Vitamin C Brightening Serum,36,5,0,meta,Australia
1513,C0292,2025-02-25,P006,Peptide Firming Moisturizer,48,0,0,organic,Australia
1396,C0223,2025-04-15,P002,2% Salicylic Acid Exfoliant,32,0,32,meta,USA
1459,C0260,2025-02-15,P009,SPF 50 Mineral Sunscreen,34,0,34,email,Canada
1171,C0093,2025-04-20,P007,Ceramide Barrier Repair Cream,38,0,38,organic,Canada
1471,C0268,2025-04-14,P010,Caffeine Under Eye Serum,26,0,0,meta,Canada
1556,C0319,2025-03-18,P003,Hyaluronic Acid Hydration Serum,30,0,30,google,Australia
1236,C0130,2025-02-23,P009,SPF 50 Mineral Sunscreen,34,0,0,organic,Australia
1571,C0324,2025-04-16,P007,Ceramide Barrier Repair Cream,38,5,0,google,Canada
1291,C0160,2025-02-16,P004,Vitamin C Brightening Serum,36,0,0,meta,Canada
1183,C0100,2025-03-31,P008,AHA + BHA Glow Toner,29,5,0,google,Australia
1684,C0388,2025-03-13,P003,Hyaluronic Acid Hydration Serum,30,0,0,google,Canada
1629,C0357,2025-03-31,P008,AHA + BHA Glow Toner,29,5,29,meta,USA
1636,C0361,2025-03-20,P004,Vitamin C Brightening Serum,36,5,0,meta,USA
1669,C0380,2025-02-18,P004,Vitamin C Brightening Serum,36,0,36,organic,USA
1411,C0233,2025-02-26,P002,2% Salicylic Acid Exfoliant,32,0,0,meta,USA
1047,C0028,2025-02-19,P007,Ceramide Barrier Repair Cream,38,0,0,google,Australia
1220,C0121,2025-03-16,P004,Vitamin C Brightening Serum,36,0,36,meta,USA
1345,C0191,2025-05-18,P001,10% Niacinamide Serum,28,0,28,meta,USA
1672,C0381,2025-02-20,P002,2% Salicylic Acid Exfoliant,32,0,0,meta,Canada
1627,C0356,2025-01-09,P006,Peptide Firming Moisturizer,48,0,48,email,UK
1644,C0365,2025-03-08,P006,Peptide Firming Moisturizer,48,5,48,email,UK
1461,C0261,2025-04-15,P001,10% Niacinamide Serum,28,0,28,email,USA
1628,C0356,2025-02-24,P003,Hyaluronic Acid Hydration Serum,30,0,0,email,UK
1349,C0194,2025-05-15,P003,Hyaluronic Acid Hydration Serum,30,5,0,meta,USA
1687,C0390,2025-03-20,P002,2% Salicylic Acid Exfoliant,32,5,32,meta,USA
1116,C0065,2025-03-02,P009,SPF 50 Mineral Sunscreen,34,0,0,meta,Canada
1604,C0342,2025-01-26,P010,Caffeine Under Eye Serum,26,0,0,meta,USA
1446,C0251,2025-04-30,P008,AHA + BHA Glow Toner,29,5,0,meta,USA
1189,C0102,2025-06-04,P008,AHA + BHA Glow Toner,29,0,0,email,USA
1245,C0133,2025-05-22,P003,Hyaluronic Acid Hydration Serum,30,0,0,organic,Australia
1649,C0367,2025-03-03,P010,Caffeine Under Eye Serum,26,0,0,meta,Australia
1318,C0176,2025-04-21,P005,Retinol Renewal Night Cream,42,5,42,google,USA
1573,C0325,2025-03-25,P001,10% Niacinamide Serum,28,0,0,meta,UK
1233,C0128,2025-04-20,P004,Vitamin C Brightening Serum,36,5,0,organic,Australia
1608,C0345,2025-04-29,P006,Peptide Firming Moisturizer,48,0,0,meta,Australia
1670,C0380,2025-04-05,P004,Vitamin C Brightening Serum,36,5,36,organic,USA
1519,C0296,2025-05-19,P010,Caffeine Under Eye Serum,26,0,0,meta,Australia
1619,C0351,2025-01-19,P009,SPF 50 Mineral Sunscreen,34,0,0,email,Canada
1090,C0051,2025-02-10,P002,2% Salicylic Acid Exfoliant,32,0,0,organic,UK
1206,C0112,2025-03-05,P006,Peptide Firming Moisturizer,48,5,48,meta,Canada
1299,C0165,2025-01-05,P003,Hyaluronic Acid Hydration Serum,30,0,0,meta,Canada
1612,C0347,2025-04-01,P002,2% Salicylic Acid Exfoliant,32,5,0,meta,USA
1219,C0120,2025-05-01,P006,Peptide Firming Moisturizer,48,0,0,google,Canada
1122,C0068,2025-02-25,P006,Peptide Firming Moisturizer,48,0,48,google,Australia
1242,C0133,2025-01-26,P007,Ceramide Barrier Repair Cream,38,5,0,organic,Australia
1112,C0064,2025-04-16,P010,Caffeine Under Eye Serum,26,0,0,google,Australia
1011,C0006,2025-03-15,P010,Caffeine Under Eye Serum,26,0,0,email,USA
1048,C0028,2025-03-18,P010,Caffeine Under Eye Serum,26,5,26,google,Australia
1492,C0280,2025-03-24,P010,Caffeine Under Eye Serum,26,5,0,meta,USA
1557,C0319,2025-04-07,P008,AHA + BHA Glow Toner,29,0,0,google,Australia
1569,C0324,2025-01-23,P009,SPF 50 Mineral Sunscreen,34,5,34,google,Canada
1637,C0361,2025-04-11,P002,2% Salicylic Acid Exfoliant,32,0,0,meta,USA
1551,C0316,2025-04-03,P004,Vitamin C Brightening Serum,36,0,0,organic,Australia
1277,C0153,2025-04-30,P009,SPF 50 Mineral Sunscreen,34,0,34,organic,USA
1133,C0073,2025-04-23,P009,SPF 50 Mineral Sunscreen,34,5,0,google,UK
1429,C0243,2025-03-15,P007,Ceramide Barrier Repair Cream,38,0,0,organic,USA
1287,C0158,2025-05-30,P007,Ceramide Barrier Repair Cream,38,0,0,meta,USA
1241,C0132,2025-05-24,P005,Retinol Renewal Night Cream,42,0,42,google,Canada
1435,C0245,2025-06-10,P009,SPF 50 Mineral Sunscreen,34,0,0,organic,Australia
1546,C0313,2025-01-13,P009,SPF 50 Mineral Sunscreen,34,5,0,google,Canada
1473,C0269,2025-03-26,P007,Ceramide Barrier Repair Cream,38,5,0,email,UK
1336,C0187,2025-03-04,P008,AHA + BHA Glow Toner,29,5,0,email,USA
1229,C0127,2025-02-15,P005,Retinol Renewal Night Cream,42,0,0,organic,Canada
1300,C0165,2025-02-22,P002,2% Salicylic Acid Exfoliant,32,0,0,meta,Canada
1132,C0072,2025-04-30,P002,2% Salicylic Acid Exfoliant,32,5,32,meta,UK
1412,C0234,2025-02-02,P009,SPF 50 Mineral Sunscreen,34,0,0,google,Canada
1295,C0163,2025-01-24,P004,Vitamin C Brightening Serum,36,5,0,meta,UK
1070,C0041,2025-03-31,P002,2% Salicylic Acid Exfoliant,32,0,0,organic,Canada
1156,C0086,2025-03-20,P004,Vitamin C Brightening Serum,36,5,0,meta,UK
1548,C0314,2025-02-07,P005,Retinol Renewal Night Cream,42,5,42,meta,Australia
1668,C0379,2025-02-17,P006,Peptide Firming Moisturizer,48,0,0,meta,USA
1688,C0391,2025-02-20,P004,Vitamin C Brightening Serum,36,5,0,organic,Canada
1003,C0002,2025-02-21,P007,Ceramide Barrier Repair Cream,38,5,38,organic,Canada
1609,C0345,2025-06-08,P010,Caffeine Under Eye Serum,26,5,26,meta,Australia
1506,C0287,2025-04-01,P004,Vitamin C Brightening Serum,36,0,0,google,USA
1704,C0398,2025-05-03,P008,AHA + BHA Glow Toner,29,0,0,meta,Australia
1680,C0386,2025-02-26,P004,Vitamin C Brightening Serum,36,5,0,meta,Canada
1467,C0265,2025-05-10,P008,AHA + BHA Glow Toner,29,0,0,google,Canada
1552,C0317,2025-03-14,P006,Peptide Firming Moisturizer,48,5,0,meta,Canada
1611,C0347,2025-03-01,P009,SPF 50 Mineral Sunscreen,34,0,34,meta,USA
1563,C0322,2025-04-24,P001,10% Niacinamide Serum,28,5,28,organic,UK
1365,C0206,2025-01-21,P007,Ceramide Barrier Repair Cream,38,0,38,meta,Canada
1259,C0142,2025-01-05,P008,AHA + BHA Glow Toner,29,0,0,meta,USA
1479,C0272,2025-04-04,P009,SPF 50 Mineral Sunscreen,34,0,0,email,UK
1328,C0183,2025-04-29,P005,Retinol Renewal Night Cream,42,0,0,meta,Australia
1276,C0153,2025-03-11,P001,10% Niacinamide Serum,28,0,28,organic,USA
1360,C0202,2025-04-03,P007,Ceramide Barrier Repair Cream,38,0,0,meta,Canada
1641,C0363,2025-07-09,P003,Hyaluronic Acid Hydration Serum,30,0,30,meta,UK
1590,C0334,2025-04-02,P004,Vitamin C Brightening Serum,36,5,0,organic,Canada
1420,C0238,2025-02-21,P010,Caffeine Under Eye Serum,26,0,0,meta,Australia
1689,C0392,2025-02-13,P007,Ceramide Barrier Repair Cream,38,0,0,google,Australia
1625,C0354,2025-02-24,P007,Ceramide Barrier Repair Cream,38,0,0,email,Australia
1658,C0373,2025-03-11,P001,10% Niacinamide Serum,28,0,0,meta,Canada
1066,C0038,2025-02-21,P004,Vitamin C Brightening Serum,36,5,36,meta,USA
1004,C0002,2025-04-13,P010,Caffeine Under Eye Serum,26,5,0,organic,Canada
1705,C0399,2025-02-28,P005,Retinol Renewal Night Cream,42,0,0,meta,UK
1538,C0309,2025-03-10,P002,2% Salicylic Acid Exfoliant,32,5,0,google,Australia
1148,C0083,2025-03-15,P001,10% Niacinamide Serum,28,0,0,meta,UK
1478,C0272,2025-02-16,P009,SPF 50 Mineral Sunscreen,34,0,0,email,UK
1185,C0101,2025-04-12,P003,Hyaluronic Acid Hydration Serum,30,0,0,organic,UK
1450,C0254,2025-03-17,P010,Caffeine Under Eye Serum,26,0,0,google,USA
1536,C0307,2025-03-19,P009,SPF 50 Mineral Sunscreen,34,5,0,meta,Canada
1615,C0349,2025-02-20,P005,Retinol Renewal Night Cream,42,0,42,meta,Canada
1228,C0127,2025-01-19,P010,Caffeine Under Eye Serum,26,0,0,organic,Canada
1030,C0015,2025-03-21,P008,AHA + BHA Glow Toner,29,0,0,meta,Canada
1173,C0094,2025-04-05,P005,Retinol Renewal Night Cream,42,0,0,organic,UK
1438,C0247,2025-04-17,P006,Peptide Firming Moisturizer,48,0,0,meta,UK
1149,C0083,2025-04-04,P003,Hyaluronic Acid Hydration Serum,30,0,0,meta,UK
1101,C0058,2025-03-14,P003,Hyaluronic Acid Hydration Serum,30,0,0,meta,Canada
1263,C0145,2025-02-18,P008,AHA + BHA Glow Toner,29,0,29,google,USA
1316,C0175,2025-04-04,P008,AHA + BHA Glow Toner,29,5,0,meta,Australia
1355,C0199,2025-04-05,P007,Ceramide Barrier Repair Cream,38,5,0,meta,USA
1260,C0143,2025-01-10,P003,Hyaluronic Acid Hydration Serum,30,0,30,meta,Australia
1595,C0337,2025-04-06,P008,AHA + BHA Glow Toner,29,0,0,meta,Canada
1594,C0336,2025-01-27,P010,Caffeine Under Eye Serum,26,5,0,google,Australia
1167,C0091,2025-02-16,P004,Vitamin C Brightening Serum,36,0,0,organic,UK
1588,C0333,2025-03-03,P002,2% Salicylic Acid Exfoliant,32,0,0,meta,Canada
1371,C0211,2025-01-28,P002,2% Salicylic Acid Exfoliant,32,5,0,organic,USA
1472,C0268,2025-05-13,P008,AHA + BHA Glow Toner,29,0,0,meta,Canada
1237,C0131,2025-04-08,P003,Hyaluronic Acid Hydration Serum,30,0,0,google,Canada
1559,C0320,2025-04-17,P003,Hyaluronic Acid Hydration Serum,30,5,0,meta,Australia
1001,C0001,2025-02-26,P009,SPF 50 Mineral Sunscreen,34,0,0,organic,Australia
1089,C0051,2025-01-14,P008,AHA + BHA Glow Toner,29,0,0,organic,UK
1251,C0135,2025-06-03,P003,Hyaluronic Acid Hydration Serum,30,5,0,google,UK
1443,C0249,2025-02-01,P007,Ceramide Barrier Repair Cream,38,5,0,meta,Canada
1249,C0134,2025-05-15,P002,2% Salicylic Acid Exfoliant,32,0,32,organic,Australia
1401,C0226,2025-05-29,P004,Vitamin C Brightening Serum,36,5,0,meta,Canada
1701,C0397,2025-04-27,P007,Ceramide Barrier Repair Cream,38,0,0,google,Canada
1648,C0367,2025-02-11,P007,Ceramide Barrier Repair Cream,38,0,0,meta,Australia
1374,C0213,2025-06-03,P001,10% Niacinamide Serum,28,0,0,organic,Canada
1082,C0048,2025-03-23,P003,Hyaluronic Acid Hydration Serum,30,5,0,meta,USA
1416,C0235,2025-04-27,P003,Hyaluronic Acid Hydration Serum,30,0,0,meta,Canada
1107,C0060,2025-02-13,P003,Hyaluronic Acid Hydration Serum,30,0,0,organic,Canada
1523,C0299,2025-03-06,P010,Caffeine Under Eye Serum,26,0,0,google,Australia
1324,C0180,2025-06-14,P001,10% Niacinamide Serum,28,5,0,meta,USA
1441,C0248,2025-03-04,P009,SPF 50 Mineral Sunscreen,34,0,0,google,UK
1095,C0053,2025-02-07,P005,Retinol Renewal Night Cream,42,0,0,google,Canada
1341,C0189,2025-04-14,P002,2% Salicylic Acid Exfoliant,32,5,0,organic,Australia
1555,C0318,2025-05-19,P001,10% Niacinamide Serum,28,5,28,meta,Australia
1218,C0119,2025-04-09,P001,10% Niacinamide Serum,28,0,0,meta,USA
1180,C0098,2025-05-11,P009,SPF 50 Mineral Sunscreen,34,5,0,google,UK
1566,C0322,2025-07-26,P002,2% Salicylic Acid Exfoliant,32,0,0,organic,UK
1092,C0052,2025-01-10,P004,Vitamin C Brightening Serum,36,0,0,email,UK
1584,C0331,2025-02-24,P007,Ceramide Barrier Repair Cream,38,0,0,google,Canada
1223,C0123,2025-04-03,P008,AHA + BHA Glow Toner,29,0,0,meta,Australia
1268,C0149,2025-04-16,P009,SPF 50 Mineral Sunscreen,34,0,34,organic,Canada
1656,C0372,2025-05-13,P010,Caffeine Under Eye Serum,26,0,26,google,UK
1350,C0195,2025-04-06,P009,SPF 50 Mineral Sunscreen,34,0,0,meta,Canada
1580,C0328,2025-07-24,P002,2% Salicylic Acid Exfoliant,32,0,0,meta,Canada
1444,C0250,2025-04-11,P006,Peptide Firming Moisturizer,48,0,0,google,Australia
1088,C0050,2025-03-12,P006,Peptide Firming Moisturizer,48,0,48,google,Canada
1280,C0154,2025-04-30,P005,Retinol Renewal Night Cream,42,5,0,organic,USA
1013,C0007,2025-03-04,P009,SPF 50 Mineral Sunscreen,34,0,0,meta,USA
1052,C0029,2025-06-21,P004,Vitamin C Brightening Serum,36,0,0,meta,USA
1500,C0284,2025-02-23,P002,2% Salicylic Acid Exfoliant,32,0,0,organic,USA
1431,C0243,2025-05-21,P003,Hyaluronic Acid Hydration Serum,30,0,0,organic,USA
1305,C0168,2025-03-16,P008,AHA + BHA Glow Toner,29,5,0,meta,UK
1455,C0257,2025-03-05,P003,Hyaluronic Acid Hydration Serum,30,0,0,organic,Canada
1642,C0364,2025-02-20,P010,Caffeine Under Eye Serum,26,0,0,meta,Australia
1603,C0341,2025-06-08,P005,Retinol Renewal Night Cream,42,5,0,meta,Australia
1026,C0013,2025-02-08,P010,Caffeine Under Eye Serum,26,0,0,meta,USA
1103,C0059,2025-04-16,P002,2% Salicylic Acid Exfoliant,32,5,32,organic,Australia
1393,C0222,2025-04-16,P004,Vitamin C Brightening Serum,36,0,0,meta,Australia
1140,C0077,2025-01-28,P009,SPF 50 Mineral Sunscreen,34,0,0,meta,USA
1201,C0109,2025-04-09,P002,2% Salicylic Acid Exfoliant,32,0,32,google,Canada
1086,C0050,2025-01-24,P003,Hyaluronic Acid Hydration Serum,30,0,30,google,Canada
1029,C0014,2025-06-20,P004,Vitamin C Brightening Serum,36,0,36,google,Canada
1650,C0367,2025-03-26,P005,Retinol Renewal Night Cream,42,5,0,meta,Australia
1097,C0055,2025-03-11,P009,SPF 50 Mineral Sunscreen,34,0,0,google,Australia
1178,C0097,2025-03-02,P003,Hyaluronic Acid Hydration Serum,30,0,0,meta,Australia
1503,C0285,2025-01-17,P009,SPF 50 Mineral Sunscreen,34,0,0,meta,Canada
1599,C0339,2025-07-11,P004,Vitamin C Brightening Serum,36,5,0,meta,UK
1286,C0158,2025-04-02,P010,Caffeine Under Eye Serum,26,0,0,meta,USA
1005,C0003,2025-03-01,P003,Hyaluronic Acid Hydration Serum,30,0,0,meta,UK
1285,C0157,2025-03-12,P009,SPF 50 Mineral Sunscreen,34,0,0,meta,UK
1317,C0176,2025-02-21,P004,Vitamin C Brightening Serum,36,5,36,google,USA
1309,C0171,2025-05-03,P010,Caffeine Under Eye Serum,26,5,26,organic,Australia
1079,C0045,2025-01-24,P001,10% Niacinamide Serum,28,0,0,organic,UK
1025,C0012,2025-05-31,P003,Hyaluronic Acid Hydration Serum,30,0,0,meta,Canada
1035,C0019,2025-02-18,P005,Retinol Renewal Night Cream,42,0,42,meta,Canada
1144,C0080,2025-04-20,P007,Ceramide Barrier Repair Cream,38,0,0,meta,UK
1137,C0075,2025-03-12,P009,SPF 50 Mineral Sunscreen,34,5,0,meta,USA
1190,C0103,2025-04-26,P006,Peptide Firming Moisturizer,48,0,0,google,Canada
1224,C0124,2025-04-11,P002,2% Salicylic Acid Exfoliant,32,5,0,organic,UK
1221,C0122,2025-02-22,P001,10% Niacinamide Serum,28,5,28,google,UK
1352,C0197,2025-03-18,P002,2% Salicylic Acid Exfoliant,32,0,32,meta,USA
1018,C0010,2025-05-12,P008,AHA + BHA Glow Toner,29,0,0,google,Canada
1136,C0074,2025-04-12,P003,Hyaluronic Acid Hydration Serum,30,0,0,email,UK
1231,C0127,2025-06-15,P006,Peptide Firming Moisturizer,48,5,0,organic,Canada
1424,C0240,2025-04-03,P005,Retinol Renewal Night Cream,42,0,0,google,Canada
1321,C0178,2025-04-16,P007,Ceramide Barrier Repair Cream,38,5,0,google,USA
1696,C0395,2025-04-08,P010,Caffeine Under Eye Serum,26,0,0,google,Australia
1585,C0331,2025-03-30,P002,2% Salicylic Acid Exfoliant,32,0,32,google,Canada
1335,C0187,2025-01-08,P004,Vitamin C Brightening Serum,36,0,0,email,USA
1161,C0088,2025-02-27,P010,Caffeine Under Eye Serum,26,5,0,meta,USA
1508,C0289,2025-04-25,P003,Hyaluronic Acid Hydration Serum,30,5,0,email,Australia
1333,C0186,2025-03-27,P002,2% Salicylic Acid Exfoliant,32,5,0,meta,Australia
1422,C0239,2025-04-25,P002,2% Salicylic Acid Exfoliant,32,5,0,organic,USA
1433,C0245,2025-03-22,P002,2% Salicylic Acid Exfoliant,32,0,0,organic,Australia
1085,C0049,2025-07-23,P008,AHA + BHA Glow Toner,29,0,0,google,USA
1139,C0076,2025-04-12,P004,Vitamin C Brightening Serum,36,5,0,organic,USA
1294,C0162,2025-04-26,P002,2% Salicylic Acid Exfoliant,32,0,32,meta,Canada
1389,C0220,2025-03-10,P003,Hyaluronic Acid Hydration Serum,30,0,30,google,USA
1110,C0062,2025-02-07,P006,Peptide Firming Moisturizer,48,0,0,google,Canada
1699,C0396,2025-06-26,P008,AHA + BHA Glow Toner,29,0,0,google,USA
1679,C0385,2025-03-27,P002,2% Salicylic Acid Exfoliant,32,0,0,meta,Australia
1064,C0037,2025-03-29,P004,Vitamin C Brightening Serum,36,0,36,google,Australia
1661,C0376,2025-01-29,P007,Ceramide Barrier Repair Cream,38,0,0,organic,Canada
1330,C0184,2025-01-11,P005,Retinol Renewal Night Cream,42,0,0,meta,Australia
1545,C0312,2025-02-16,P001,10% Niacinamide Serum,28,0,0,google,Australia
1164,C0089,2025-02-16,P008,AHA + BHA Glow Toner,29,5,29,google,Canada
1483,C0276,2025-02-10,P003,Hyaluronic Acid Hydration Serum,30,0,0,organic,UK
1069,C0040,2025-01-07,P010,Caffeine Under Eye Serum,26,0,0,google,UK
1198,C0107,2025-02-14,P002,2% Salicylic Acid Exfoliant,32,5,0,organic,Canada
1632,C0358,2025-03-29,P010,Caffeine Under Eye Serum,26,0,26,google,Australia
1363,C0204,2025-03-17,P006,Peptide Firming Moisturizer,48,0,48,google,USA
1601,C0340,2025-05-28,P009,SPF 50 Mineral Sunscreen,34,5,0,meta,USA
1667,C0378,2025-02-22,P010,Caffeine Under Eye Serum,26,5,26,organic,UK
1514,C0293,2025-04-21,P004,Vitamin C Brightening Serum,36,0,0,meta,UK
1199,C0108,2025-03-31,P004,Vitamin C Brightening Serum,36,0,0,organic,Australia
1537,C0308,2025-01-06,P005,Retinol Renewal Night Cream,42,0,0,google,Australia
1200,C0108,2025-05-07,P002,2% Salicylic Acid Exfoliant,32,0,0,organic,Australia
1327,C0182,2025-05-18,P003,Hyaluronic Acid Hydration Serum,30,0,0,meta,Canada
1694,C0394,2025-02-08,P006,Peptide Firming Moisturizer,48,0,0,meta,Canada
1596,C0338,2025-02-01,P002,2% Salicylic Acid Exfoliant,32,5,32,meta,Australia
1400,C0226,2025-04-19,P008,AHA + BHA Glow Toner,29,0,29,meta,Canada
1289,C0159,2025-02-03,P008,AHA + BHA Glow Toner,29,0,0,email,USA
1505,C0287,2025-02-06,P005,Retinol Renewal Night Cream,42,0,0,google,USA
1512,C0291,2025-03-10,P007,Ceramide Barrier Repair Cream,38,0,0,google,UK
1193,C0104,2025-03-25,P007,Ceramide Barrier Repair Cream,38,5,0,organic,Australia
1634,C0359,2025-04-15,P004,Vitamin C Brightening Serum,36,0,0,meta,UK
1579,C0328,2025-06-10,P003,Hyaluronic Acid Hydration Serum,30,5,0,meta,Canada
1135,C0073,2025-07-03,P001,10% Niacinamide Serum,28,0,0,google,UK
1368,C0209,2025-03-27,P002,2% Salicylic Acid Exfoliant,32,0,0,organic,Canada
1674,C0382,2025-01-18,P002,2% Salicylic Acid Exfoliant,32,0,32,google,UK
1080,C0046,2025-02-25,P001,10% Niacinamide Serum,28,0,0,google,UK
1402,C0227,2025-04-29,P006,Peptide Firming Moisturizer,48,0,0,google,UK
1017,C0010,2025-04-05,P009,SPF 50 Mineral Sunscreen,34,0,0,google,Canada
1388,C0220,2025-01-24,P003,Hyaluronic Acid Hydration Serum,30,0,0,google,USA
1049,C0028,2025-05-03,P007,Ceramide Barrier Repair Cream,38,0,38,google,Australia
1254,C0137,2025-03-20,P002,2% Salicylic Acid Exfoliant,32,0,32,organic,Canada
1518,C0296,2025-04-15,P006,Peptide Firming Moisturizer,48,0,48,meta,Australia
1155,C0086,2025-01-24,P005,Retinol Renewal Night Cream,42,5,0,meta,UK
1397,C0223,2025-05-05,P006,Peptide Firming Moisturizer,48,0,0,meta,USA
1439,C0247,2025-06-07,P006,Peptide Firming Moisturizer,48,0,48,meta,UK
1261,C0144,2025-01-03,P002,2% Salicylic Acid Exfoliant,32,5,0,organic,Canada
1188,C0102,2025-04-05,P003,Hyaluronic Acid Hydration Serum,30,0,0,email,USA
1481,C0274,2025-04-18,P006,Peptide Firming Moisturizer,48,5,0,google,UK
1427,C0242,2025-05-06,P006,Peptide Firming Moisturizer,48,0,0,meta,USA
1125,C0069,2025-02-20,P005,Retinol Renewal Night Cream,42,5,0,google,Canada
1222,C0123,2025-03-06,P003,Hyaluronic Acid Hydration Serum,30,0,0,meta,Australia
1273,C0151,2025-01-13,P007,Ceramide Barrier Repair Cream,38,0,0,email,Australia
1567,C0323,2025-04-01,P007,Ceramide Barrier Repair Cream,38,0,38,meta,UK
1385,C0218,2025-06-23,P009,SPF 50 Mineral Sunscreen,34,5,34,email,USA
1372,C0212,2025-03-25,P006,Peptide Firming Moisturizer,48,5,0,google,UK
1417,C0236,2025-04-24,P007,Ceramide Barrier Repair Cream,38,5,0,meta,Canada
1507,C0288,2025-02-09,P006,Peptide Firming Moisturizer,48,0,0,meta,USA
1622,C0352,2025-04-25,P004,Vitamin C Brightening Serum,36,5,0,meta,Canada
1165,C0089,2025-03-09,P002,2% Salicylic Acid Exfoliant,32,5,0,google,Canada
1181,C0099,2025-01-28,P005,Retinol Renewal Night Cream,42,0,0,email,UK
1539,C0309,2025-04-15,P007,Ceramide Barrier Repair Cream,38,0,0,google,Australia
1675,C0382,2025-02-08,P003,Hyaluronic Acid Hydration Serum,30,0,0,google,UK
1272,C0150,2025-04-29,P010,Caffeine Under Eye Serum,26,0,26,meta,USA
1532,C0305,2025-03-29,P003,Hyaluronic Acid Hydration Serum,30,0,0,organic,USA
1128,C0071,2025-04-23,P010,Caffeine Under Eye Serum,26,0,0,google,USA
1367,C0208,2025-04-24,P006,Peptide Firming Moisturizer,48,5,48,google,UK
1204,C0110,2025-03-03,P008,AHA + BHA Glow Toner,29,5,0,google,USA
1292,C0161,2025-02-04,P002,2% Salicylic Acid Exfoliant,32,0,0,organic,Australia
1436,C0246,2025-02-11,P008,AHA + BHA Glow Toner,29,0,29,meta,Canada
1153,C0085,2025-04-29,P010,Caffeine Under Eye Serum,26,0,0,organic,UK
1162,C0088,2025-04-20,P006,Peptide Firming Moisturizer,48,0,0,meta,USA
1358,C0201,2025-01-15,P005,Retinol Renewal Night Cream,42,0,0,email,USA
1665,C0378,2025-01-06,P006,Peptide Firming Moisturizer,48,0,0,organic,UK
1310,C0172,2025-04-06,P004,Vitamin C Brightening Serum,36,0,0,meta,Australia
1009,C0005,2025-04-05,P002,2% Salicylic Acid Exfoliant,32,5,0,email,Canada
1445,C0250,2025-05-09,P009,SPF 50 Mineral Sunscreen,34,0,34,google,Australia
1392,C0222,2025-03-12,P002,2% Salicylic Acid Exfoliant,32,5,0,meta,Australia
1447,C0252,2025-04-04,P005,Retinol Renewal Night Cream,42,0,0,meta,UK
1562,C0321,2025-03-22,P010,Caffeine Under Eye Serum,26,5,0,email,Australia
1655,C0372,2025-04-21,P010,Caffeine Under Eye Serum,26,0,0,google,UK
1043,C0024,2025-04-22,P003,Hyaluronic Acid Hydration Serum,30,5,0,google,USA
1415,C0235,2025-04-06,P001,10% Niacinamide Serum,28,0,28,meta,Canada
1100,C0057,2025-01-22,P010,Caffeine Under Eye Serum,26,0,0,meta,USA
1056,C0031,2025-04-20,P009,SPF 50 Mineral Sunscreen,34,5,0,meta,Australia
1118,C0066,2025-02-03,P003,Hyaluronic Acid Hydration Serum,30,0,30,meta,USA
1344,C0191,2025-04-07,P008,AHA + BHA Glow Toner,29,5,0,meta,USA
1163,C0088,2025-06-17,P009,SPF 50 Mineral Sunscreen,34,0,34,meta,USA
1581,C0329,2025-02-25,P005,Retinol Renewal Night Cream,42,0,0,google,Canada
1575,C0326,2025-04-14,P010,Caffeine Under Eye Serum,26,0,26,meta,Canada
1016,C0009,2025-04-29,P002,2% Salicylic Acid Exfoliant,32,0,0,meta,USA
1187,C0101,2025-06-25,P007,Ceramide Barrier Repair Cream,38,0,0,organic,UK
1419,C0237,2025-03-24,P001,10% Niacinamide Serum,28,0,0,meta,Canada
1275,C0152,2025-04-14,P002,2% Salicylic Acid Exfoliant,32,5,32,meta,Canada
1023,C0012,2025-03-29,P005,Retinol Renewal Night Cream,42,0,0,meta,Canada
1681,C0386,2025-04-14,P003,Hyaluronic Acid Hydration Serum,30,0,30,meta,Canada
1194,C0105,2025-05-01,P002,2% Salicylic Acid Exfoliant,32,0,0,email,Australia
1278,C0154,2025-02-23,P004,Vitamin C Brightening Serum,36,0,0,organic,USA
1683,C0388,2025-01-13,P009,SPF 50 Mineral Sunscreen,34,0,0,google,Canada
1673,C0381,2025-04-12,P001,10% Niacinamide Serum,28,0,0,meta,Canada
1706,C0400,2025-02-08,P009,SPF 50 Mineral Sunscreen,34,5,34,email,Australia
1208,C0114,2025-04-28,P007,Ceramide Barrier Repair Cream,38,5,0,meta,USA
1253,C0137,2025-01-28,P003,Hyaluronic Acid Hydration Serum,30,0,30,organic,Canada
1598,C0339,2025-05-15,P008,AHA + BHA Glow Toner,29,0,0,meta,UK
1498,C0283,2025-01-25,P007,Ceramide Barrier Repair Cream,38,5,0,google,UK
1054,C0031,2025-02-11,P003,Hyaluronic Acid Hydration Serum,30,5,0,meta,Australia
1105,C0059,2025-07-31,P010,Caffeine Under Eye Serum,26,5,0,organic,Australia
1702,C0398,2025-03-09,P008,AHA + BHA Glow Toner,29,0,29,meta,Australia
1168,C0092,2025-02-13,P005,Retinol Renewal Night Cream,42,5,0,meta,USA
1534,C0305,2025-07-01,P010,Caffeine Under Eye Serum,26,0,0,organic,USA
1387,C0219,2025-06-05,P002,2% Salicylic Acid Exfoliant,32,5,0,meta,Australia
1410,C0232,2025-01-27,P005,Retinol Renewal Night Cream,42,5,0,meta,Canada
1491,C0280,2025-01-27,P005,Retinol Renewal Night Cream,42,0,0,meta,USA
1535,C0306,2025-04-21,P002,2% Salicylic Acid Exfoliant,32,5,0,meta,Australia
1375,C0214,2025-02-03,P001,10% Niacinamide Serum,28,0,0,meta,Canada
1466,C0265,2025-03-25,P002,2% Salicylic Acid Exfoliant,32,0,0,google,Canada
1597,C0339,2025-03-17,P009,SPF 50 Mineral Sunscreen,34,0,0,meta,UK
1653,C0370,2025-03-05,P002,2% Salicylic Acid Exfoliant,32,0,0,email,USA
1540,C0310,2025-04-20,P004,Vitamin C Brightening Serum,36,0,36,google,UK
1062,C0035,2025-01-24,P006,Peptide Firming Moisturizer,48,5,0,meta,UK
1022,C0011,2025-07-21,P005,Retinol Renewal Night Cream,42,0,0,organic,Canada
1451,C0254,2025-05-10,P009,SPF 50 Mineral Sunscreen,34,0,0,google,USA
1353,C0198,2025-03-30,P008,AHA + BHA Glow Toner,29,5,29,meta,UK
1293,C0162,2025-02-28,P004,Vitamin C Brightening Serum,36,0,36,meta,Canada
1111,C0063,2025-01-20,P008,AHA + BHA Glow Toner,29,0,0,organic,UK
1610,C0346,2025-02-06,P005,Retinol Renewal Night Cream,42,0,0,meta,Canada
1127,C0070,2025-04-17,P007,Ceramide Barrier Repair Cream,38,0,0,meta,USA
1192,C0104,2025-01-25,P006,Peptide Firming Moisturizer,48,0,0,organic,Australia
1138,C0076,2025-03-08,P003,Hyaluronic Acid Hydration Serum,30,0,0,organic,USA
1045,C0026,2025-01-10,P004,Vitamin C Brightening Serum,36,0,0,meta,Canada
1377,C0215,2025-04-06,P007,Ceramide Barrier Repair Cream,38,5,0,google,Canada
1474,C0270,2025-03-06,P002,2% Salicylic Acid Exfoliant,32,5,0,google,Canada
1057,C0032,2025-02-10,P007,Ceramide Barrier Repair Cream,38,0,0,google,Australia
1102,C0059,2025-02-22,P010,Caffeine Under Eye Serum,26,5,0,organic,Australia
1487,C0277,2025-03-26,P004,Vitamin C Brightening Serum,36,0,0,organic,Canada
1096,C0054,2025-02-23,P007,Ceramide Barrier Repair Cream,38,5,0,organic,USA
1373,C0213,2025-04-13,P008,AHA + BHA Glow Toner,29,0,29,organic,Canada
1225,C0124,2025-05-17,P005,Retinol Renewal Night Cream,42,0,0,organic,UK
1430,C0243,2025-04-17,P007,Ceramide Barrier Repair Cream,38,0,0,organic,USA
1646,C0366,2025-06-30,P010,Caffeine Under Eye Serum,26,0,0,meta,Canada
1250,C0135,2025-04-26,P010,Caffeine Under Eye Serum,26,5,0,google,UK
1378,C0215,2025-05-15,P001,10% Niacinamide Serum,28,0,0,google,Canada
1028,C0014,2025-05-15,P001,10% Niacinamide Serum,28,0,0,google,Canada
1172,C0094,2025-02-07,P008,AHA + BHA Glow Toner,29,5,29,organic,UK
1020,C0011,2025-05-21,P001,10% Niacinamide Serum,28,0,0,organic,Canada
1421,C0239,2025-03-02,P010,Caffeine Under Eye Serum,26,0,0,organic,USA
1247,C0134,2025-02-21,P007,Ceramide Barrier Repair Cream,38,0,0,organic,Australia
1553,C0317,2025-04-24,P007,Ceramide Barrier Repair Cream,38,0,0,meta,Canada
1638,C0362,2025-04-27,P009,SPF 50 Mineral Sunscreen,34,0,34,meta,USA
1664,C0377,2025-05-14,P002,2% Salicylic Acid Exfoliant,32,0,0,meta,USA
1547,C0313,2025-03-09,P002,2% Salicylic Acid Exfoliant,32,0,0,google,Canada
1510,C0290,2025-05-20,P006,Peptide Firming Moisturizer,48,0,0,google,Australia
1697,C0396,2025-04-28,P008,AHA + BHA Glow Toner,29,0,0,google,USA
1640,C0363,2025-06-01,P002,2% Salicylic Acid Exfoliant,32,0,32,meta,UK
1690,C0392,2025-03-14,P001,10% Niacinamide Serum,28,5,0,google,Australia
1381,C0216,2025-06-09,P006,Peptide Firming Moisturizer,48,0,48,google,USA
1442,C0248,2025-04-26,P003,Hyaluronic Acid Hydration Serum,30,0,0,google,UK
1061,C0034,2025-01-29,P002,2% Salicylic Acid Exfoliant,32,5,32,meta,UK
1692,C0393,2025-02-09,P008,AHA + BHA Glow Toner,29,5,29,meta,Australia
1312,C0173,2025-04-22,P003,Hyaluronic Acid Hydration Serum,30,0,0,meta,USA
1568,C0323,2025-05-17,P001,10% Niacinamide Serum,28,0,0,meta,UK
1693,C0394,2025-01-03,P003,Hyaluronic Acid Hydration Serum,30,0,0,meta,Canada
1454,C0257,2025-02-05,P003,Hyaluronic Acid Hydration Serum,30,0,0,organic,Canada
1691,C0392,2025-05-07,P005,Retinol Renewal Night Cream,42,0,0,google,Australia
1620,C0352,2025-02-28,P005,Retinol Renewal Night Cream,42,5,0,meta,Canada
1600,C0340,2025-04-16,P008,AHA + BHA Glow Toner,29,0,29,meta,USA
1544,C0311,2025-04-14,P003,Hyaluronic Acid Hydration Serum,30,5,30,organic,UK
1520,C0297,2025-01-08,P009,SPF 50 Mineral Sunscreen,34,5,0,google,Canada
1541,C0310,2025-06-07,P003,Hyaluronic Acid Hydration Serum,30,0,0,google,UK
1255,C0138,2025-01-14,P003,Hyaluronic Acid Hydration Serum,30,0,0,google,Australia
1083,C0049,2025-04-05,P003,Hyaluronic Acid Hydration Serum,30,0,0,google,USA
1124,C0069,2025-01-25,P008,AHA + BHA Glow Toner,29,0,0,google,Canada
1647,C0366,2025-08-21,P008,AHA + BHA Glow Toner,29,0,0,meta,Canada
1113,C0064,2025-05-21,P010,Caffeine Under Eye Serum,26,5,0,google,Australia
1177,C0096,2025-05-15,P002,2% Salicylic Acid Exfoliant,32,0,0,organic,USA
1071,C0041,2025-05-09,P005,Retinol Renewal Night Cream,42,5,0,organic,Canada
1380,C0216,2025-04-30,P008,AHA + BHA Glow Toner,29,0,0,google,USA
1703,C0398,2025-04-08,P009,SPF 50 Mineral Sunscreen,34,5,0,meta,Australia
1343,C0190,2025-01-19,P004,Vitamin C Brightening Serum,36,0,0,meta,Canada
1068,C0039,2025-03-08,P007,Ceramide Barrier Repair Cream,38,5,0,google,UK
1271,C0150,2025-03-29,P001,10% Niacinamide Serum,28,5,0,meta,USA
1006,C0003,2025-04-02,P003,Hyaluronic Acid Hydration Serum,30,0,0,meta,UK
1031,C0016,2025-02-22,P006,Peptide Firming Moisturizer,48,0,48,google,Australia
1509,C0290,2025-03-29,P009,SPF 50 Mineral Sunscreen,34,0,34,google,Australia
1614,C0348,2025-04-16,P003,Hyaluronic Acid Hydration Serum,30,5,0,meta,Australia
1543,C0311,2025-02-24,P001,10% Niacinamide Serum,28,5,0,organic,UK
1364,C0205,2025-03-29,P002,2% Salicylic Acid Exfoliant,32,0,32,meta,UK
1366,C0207,2025-03-08,P007,Ceramide Barrier Repair Cream,38,0,0,email,Canada
1592,C0334,2025-07-02,P006,Peptide Firming Moisturizer,48,5,0,organic,Canada
1678,C0384,2025-04-04,P010,Caffeine Under Eye Serum,26,0,0,meta,Canada
1041,C0022,2025-04-15,P003,Hyaluronic Acid Hydration Serum,30,5,30,meta,UK
1525,C0300,2025-05-01,P005,Retinol Renewal Night Cream,42,0,42,meta,USA
1676,C0383,2025-03-20,P008,AHA + BHA Glow Toner,29,5,0,google,Australia
1462,C0262,2025-01-21,P005,Retinol Renewal Night Cream,42,5,0,meta,Australia
1671,C0381,2025-01-24,P009,SPF 50 Mineral Sunscreen,34,0,0,meta,Canada
1576,C0327,2025-04-05,P003,Hyaluronic Acid Hydration Serum,30,5,30,organic,USA
1323,C0180,2025-04-18,P007,Ceramide Barrier Repair Cream,38,0,0,meta,USA
1104,C0059,2025-06-15,P009,SPF 50 Mineral Sunscreen,34,5,34,organic,Australia
1409,C0231,2025-03-29,P006,Peptide Firming Moisturizer,48,0,0,email,Australia
1087,C0050,2025-02-15,P005,Retinol Renewal Night Cream,42,5,0,google,Canada
1059,C0033,2025-02-21,P003,Hyaluronic Acid Hydration Serum,30,0,30,meta,USA
1337,C0188,2025-02-10,P010,Caffeine Under Eye Serum,26,5,0,google,Australia
1522,C0298,2025-02-26,P009,SPF 50 Mineral Sunscreen,34,0,0,meta,Australia
1252,C0136,2025-01-30,P004,Vitamin C Brightening Serum,36,5,0,google,USA
1685,C0389,2025-02-04,P007,Ceramide Barrier Repair Cream,38,5,0,email,USA
1266,C0148,2025-03-21,P007,Ceramide Barrier Repair Cream,38,0,38,google,UK
1489,C0278,2025-05-16,P005,Retinol Renewal Night Cream,42,0,0,google,USA
1091,C0051,2025-03-20,P010,Caffeine Under Eye Serum,26,5,0,organic,UK
1074,C0043,2025-04-03,P008,AHA + BHA Glow Toner,29,0,0,google,UK
1008,C0004,2025-06-28,P001,10% Niacinamide Serum,28,5,0,email,Canada
1395,C0223,2025-03-24,P008,AHA + BHA Glow Toner,29,0,29,meta,USA
1158,C0087,2025-03-25,P007,Ceramide Barrier Repair Cream,38,5,38,organic,Australia
1485,C0277,2025-01-04,P004,Vitamin C Brightening Serum,36,0,0,organic,Canada
1246,C0134,2025-01-04,P009,SPF 50 Mineral Sunscreen,34,0,34,organic,Australia
1010,C0005,2025-05-21,P002,2% Salicylic Acid Exfoliant,32,5,0,email,Canada
1065,C0037,2025-04-25,P010,Caffeine Under Eye Serum,26,5,0,google,Australia
1394,C0222,2025-05-11,P004,Vitamin C Brightening Serum,36,0,36,meta,Australia
1258,C0141,2025-04-22,P009,SPF 50 Mineral Sunscreen,34,0,0,email,Canada
1549,C0315,2025-02-24,P004,Vitamin C Brightening Serum,36,0,0,meta,Australia
1184,C0101,2025-02-26,P009,SPF 50 Mineral Sunscreen,34,5,34,organic,UK
1613,C0348,2025-03-13,P010,Caffeine Under Eye Serum,26,5,26,meta,Australia
1053,C0030,2025-01-06,P005,Retinol Renewal Night Cream,42,5,0,meta,USA
1652,C0369,2025-04-08,P003,Hyaluronic Acid Hydration Serum,30,0,0,meta,Canada
1526,C0300,2025-06-14,P008,AHA + BHA Glow Toner,29,0,0,meta,USA
1361,C0203,2025-04-20,P002,2% Salicylic Acid Exfoliant,32,5,0,meta,USA
1232,C0128,2025-03-11,P006,Peptide Firming Moisturizer,48,0,0,organic,Australia
1143,C0079,2025-01-24,P003,Hyaluronic Acid Hydration Serum,30,5,0,meta,UK
1495,C0282,2025-01-02,P007,Ceramide Barrier Repair Cream,38,0,0,organic,UK
1501,C0284,2025-03-26,P005,Retinol Renewal Night Cream,42,5,0,organic,USA
1662,C0377,2025-01-30,P003,Hyaluronic Acid Hydration Serum,30,0,0,meta,USA
1432,C0244,2025-01-16,P010,Caffeine Under Eye Serum,26,0,0,google,USA
1677,C0383,2025-04-19,P002,2% Salicylic Acid Exfoliant,32,0,0,google,Australia
1311,C0172,2025-05-16,P010,Caffeine Under Eye Serum,26,0,26,meta,Australia
1426,C0242,2025-03-08,P006,Peptide Firming Moisturizer,48,5,48,meta,USA
1449,C0253,2025-01-15,P010,Caffeine Under Eye Serum,26,5,0,meta,Canada
1281,C0154,2025-06-11,P002,2% Salicylic Acid Exfoliant,32,5,32,organic,USA
1623,C0353,2025-03-11,P003,Hyaluronic Acid Hydration Serum,30,5,0,meta,UK
1477,C0271,2025-05-06,P001,10% Niacinamide Serum,28,0,0,organic,Australia
1078,C0044,2025-04-29,P001,10% Niacinamide Serum,28,0,0,organic,Canada
1383,C0217,2025-03-12,P010,Caffeine Under Eye Serum,26,0,0,meta,USA
1239,C0132,2025-03-11,P001,10% Niacinamide Serum,28,5,0,google,Canada
1486,C0277,2025-03-04,P007,Ceramide Barrier Repair Cream,38,0,0,organic,Canada
1630,C0357,2025-05-07,P009,SPF 50 Mineral Sunscreen,34,0,34,meta,USA
1072,C0042,2025-04-20,P006,Peptide Firming Moisturizer,48,0,0,google,UK
1390,C0221,2025-02-03,P002,2% Salicylic Acid Exfoliant,32,5,32,meta,UK
1227,C0126,2025-04-06,P004,Vitamin C Brightening Serum,36,0,36,meta,Australia
1081,C0047,2025-03-06,P008,AHA + BHA Glow Toner,29,5,0,meta,UK
1497,C0282,2025-04-09,P001,10% Niacinamide Serum,28,5,0,organic,UK
1314,C0174,2025-04-30,P008,AHA + BHA Glow Toner,29,0,0,meta,Australia
1332,C0186,2025-02-04,P003,Hyaluronic Acid Hydration Serum,30,5,0,meta,Australia
1179,C0098,2025-03-22,P005,Retinol Renewal Night Cream,42,0,0,google,UK
1050,C0029,2025-03-12,P002,2% Salicylic Acid Exfoliant,32,5,0,meta,USA
1605,C0343,2025-04-28,P007,Ceramide Barrier Repair Cream,38,0,0,organic,Australia
1262,C0144,2025-03-02,P007,Ceramide Barrier Repair Cream,38,0,0,organic,Canada
1303,C0167,2025-04-22,P008,AHA + BHA Glow Toner,29,5,29,meta,USA
1384,C0218,2025-04-28,P008,AHA + BHA Glow Toner,29,5,0,email,USA
1406,C0229,2025-01-02,P005,Retinol Renewal Night Cream,42,0,0,meta,UK
1212,C0116,2025-01-27,P009,SPF 50 Mineral Sunscreen,34,0,0,organic,Canada
1666,C0378,2025-01-31,P007,Ceramide Barrier Repair Cream,38,5,0,organic,UK
1108,C0061,2025-04-17,P003,Hyaluronic Acid Hydration Serum,30,0,30,meta,Australia
1296,C0164,2025-03-02,P001,10% Niacinamide Serum,28,0,0,meta,Canada
1591,C0334,2025-05-09,P002,2% Salicylic Acid Exfoliant,32,0,0,organic,Canada
1038,C0020,2025-03-29,P003,Hyaluronic Acid Hydration Serum,30,5,30,meta,Canada
1524,C0299,2025-04-12,P010,Caffeine Under Eye Serum,26,0,0,google,Australia
1196,C0106,2025-02-22,P005,Retinol Renewal Night Cream,42,0,0,meta,Australia
1044,C0025,2025-01-17,P001,10% Niacinamide Serum,28,0,0,meta,USA
1306,C0169,2025-03-21,P001,10% Niacinamide Serum,28,0,0,organic,Australia
1182,C0099,2025-03-07,P010,Caffeine Under Eye Serum,26,0,0,email,UK
1032,C0017,2025-02-18,P009,SPF 50 Mineral Sunscreen,34,0,0,meta,USA
1129,C0071,2025-05-30,P009,SPF 50 Mineral Sunscreen,34,0,34,google,USA
1058,C0032,2025-03-30,P003,Hyaluronic Acid Hydration Serum,30,0,0,google,Australia
1099,C0056,2025-01-15,P003,Hyaluronic Acid Hydration Serum,30,0,0,organic,USA
1475,C0271,2025-02-26,P010,Caffeine Under Eye Serum,26,0,0,organic,Australia
1357,C0200,2025-02-08,P007,Ceramide Barrier Repair Cream,38,5,0,meta,UK
1470,C0267,2025-02-24,P010,Caffeine Under Eye Serum,26,0,0,meta,UK
1106,C0060,2025-01-10,P005,Retinol Renewal Night Cream,42,5,0,organic,Canada
1342,C0189,2025-06-05,P002,2% Salicylic Acid Exfoliant,32,0,0,organic,Australia
1114,C0064,2025-07-04,P010,Caffeine Under Eye Serum,26,0,26,google,Australia
1002,C0002,2025-01-31,P003,Hyaluronic Acid Hydration Serum,30,5,0,organic,Canada
1210,C0115,2025-03-09,P002,2% Salicylic Acid Exfoliant,32,5,32,meta,USA
1046,C0027,2025-01-30,P008,AHA + BHA Glow Toner,29,5,0,meta,Australia
1084,C0049,2025-05-27,P003,Hyaluronic Acid Hydration Serum,30,0,0,google,USA
1707,C0400,2025-03-09,P008,AHA + BHA Glow Toner,29,5,29,email,Australia
1098,C0055,2025-05-01,P007,Ceramide Barrier Repair Cream,38,0,0,google,Australia
1290,C0160,2025-01-26,P002,2% Salicylic Acid Exfoliant,32,0,32,meta,Canada
1423,C0240,2025-02-26,P002,2% Salicylic Acid Exfoliant,32,5,32,google,Canada
1376,C0214,2025-04-03,P006,Peptide Firming Moisturizer,48,0,0,meta,Canada
1476,C0271,2025-04-09,P006,Peptide Firming Moisturizer,48,0,0,organic,Australia
1437,C0247,2025-03-24,P005,Retinol Renewal Night Cream,42,0,42,meta,UK
1195,C0105,2025-05-25,P009,SPF 50 Mineral Sunscreen,34,0,0,email,Australia
1215,C0117,2025-04-18,P009,SPF 50 Mineral Sunscreen,34,5,34,meta,Canada
1408,C0231,2025-03-07,P006,Peptide Firming Moisturizer,48,0,0,email,Australia
1197,C0107,2025-01-09,P008,AHA + BHA Glow Toner,29,5,0,organic,Canada
1542,C0310,2025-07-23,P006,Peptide Firming Moisturizer,48,5,0,google,UK
1577,C0327,2025-05-13,P002,2% Salicylic Acid Exfoliant,32,5,32,organic,USA
1213,C0116,2025-03-06,P002,2% Salicylic Acid Exfoliant,32,5,32,organic,Canada
1452,C0255,2025-04-02,P008,AHA + BHA Glow Toner,29,0,0,meta,Australia
1617,C0350,2025-03-02,P004,Vitamin C Brightening Serum,36,0,0,google,UK
1244,C0133,2025-04-08,P005,Retinol Renewal Night Cream,42,0,42,organic,Australia
1279,C0154,2025-03-31,P005,Retinol Renewal Night Cream,42,0,0,organic,USA
1123,C0068,2025-04-20,P002,2% Salicylic Acid Exfoliant,32,5,0,google,Australia
1456,C0258,2025-04-03,P007,Ceramide Barrier Repair Cream,38,5,0,organic,Canada
1493,C0281,2025-03-18,P002,2% Salicylic Acid Exfoliant,32,5,0,meta,UK
1565,C0322,2025-06-28,P008,AHA + BHA Glow Toner,29,0,0,organic,UK
1346,C0192,2025-04-21,P009,SPF 50 Mineral Sunscreen,34,5,0,meta,USA
1014,C0008,2025-01-02,P007,Ceramide Barrier Repair Cream,38,0,0,meta,USA
1369,C0210,2025-04-10,P010,Caffeine Under Eye Serum,26,0,0,google,Canada
1209,C0115,2025-01-11,P005,Retinol Renewal Night Cream,42,5,0,meta,USA
1453,C0256,2025-04-17,P006,Peptide Firming Moisturizer,48,0,0,google,USA
1175,C0095,2025-05-11,P004,Vitamin C Brightening Serum,36,5,0,meta,Canada
1382,C0217,2025-01-16,P005,Retinol Renewal Night Cream,42,0,0,meta,USA
1334,C0186,2025-05-19,P006,Peptide Firming Moisturizer,48,0,0,meta,Australia
1515,C0294,2025-02-13,P006,Peptide Firming Moisturizer,48,5,0,organic,UK
1119,C0066,2025-02-23,P003,Hyaluronic Acid Hydration Serum,30,0,0,meta,USA
1063,C0036,2025-01-19,P002,2% Salicylic Acid Exfoliant,32,5,0,email,Canada
1150,C0084,2025-05-01,P009,SPF 50 Mineral Sunscreen,34,5,0,email,Canada
1407,C0230,2025-04-22,P009,SPF 50 Mineral Sunscreen,34,0,0,google,USA
1561,C0321,2025-02-06,P008,AHA + BHA Glow Toner,29,0,29,email,Australia
1379,C0215,2025-06-23,P005,Retinol Renewal Night Cream,42,0,0,google,Canada
1700,C0397,2025-04-03,P008,AHA + BHA Glow Toner,29,0,29,google,Canada
1554,C0318,2025-04-23,P001,10% Niacinamide Serum,28,5,0,meta,Australia
1115,C0065,2025-01-25,P008,AHA + BHA Glow Toner,29,0,0,meta,Canada
1319,C0177,2025-02-13,P009,SPF 50 Mineral Sunscreen,34,5,34,meta,Canada
1633,C0359,2025-02-23,P006,Peptide Firming Moisturizer,48,0,0,meta,UK
1256,C0139,2025-03-13,P001,10% Niacinamide Serum,28,0,28,google,USA
1531,C0305,2025-02-05,P008,AHA + BHA Glow Toner,29,0,29,organic,USA
1607,C0344,2025-03-31,P004,Vitamin C Brightening Serum,36,0,0,google,Australia
1211,C0115,2025-05-01,P003,Hyaluronic Acid Hydration Serum,30,0,0,meta,USA
1019,C0011,2025-04-29,P004,Vitamin C Brightening Serum,36,5,36,organic,Canada
1325,C0181,2025-03-06,P010,Caffeine Under Eye Serum,26,0,0,organic,Australia
1528,C0302,2025-04-14,P007,Ceramide Barrier Repair Cream,38,0,38,meta,Australia
1464,C0264,2025-01-28,P001,10% Niacinamide Serum,28,0,0,meta,Canada
1146,C0081,2025-04-09,P001,10% Niacinamide Serum,28,0,28,email,USA
1217,C0118,2025-04-24,P006,Peptide Firming Moisturizer,48,0,0,google,USA
1130,C0072,2025-01-06,P010,Caffeine Under Eye Serum,26,0,0,meta,UK
1517,C0295,2025-06-01,P006,Peptide Firming Moisturizer,48,5,48,meta,Canada
1583,C0330,2025-02-21,P005,Retinol Renewal Night Cream,42,0,0,meta,Australia
1496,C0282,2025-02-24,P006,Peptide Firming Moisturizer,48,0,0,organic,UK
1468,C0266,2025-04-19,P006,Peptide Firming Moisturizer,48,0,48,meta,Canada
1458,C0259,2025-01-13,P010,Caffeine Under Eye Serum,26,0,26,meta,USA
1593,C0335,2025-02-17,P008,AHA + BHA Glow Toner,29,0,29,organic,UK
1331,C0185,2025-02-04,P008,AHA + BHA Glow Toner,29,0,29,meta,UK
1307,C0170,2025-04-09,P007,Ceramide Barrier Repair Cream,38,0,0,google,Australia
1037,C0020,2025-02-10,P009,SPF 50 Mineral Sunscreen,34,0,34,meta,Canada
1418,C0237,2025-02-11,P001,10% Niacinamide Serum,28,5,0,meta,Canada
1582,C0330,2025-01-07,P003,Hyaluronic Acid Hydration Serum,30,0,30,meta,Australia
1060,C0033,2025-04-21,P002,2% Salicylic Acid Exfoliant,32,5,32,meta,USA
1660,C0375,2025-01-09,P005,Retinol Renewal Night Cream,42,0,42,email,UK
1550,C0316,2025-02-12,P009,SPF 50 Mineral Sunscreen,34,0,0,organic,Australia
1117,C0065,2025-04-26,P008,AHA + BHA Glow Toner,29,0,0,meta,Canada
1094,C0053,2025-01-05,P004,Vitamin C Brightening Serum,36,0,0,google,Canada
1570,C0324,2025-03-07,P002,2% Salicylic Acid Exfoliant,32,5,32,google,Canada
1283,C0156,2025-03-08,P007,Ceramide Barrier Repair Cream,38,0,0,organic,Australia
1202,C0109,2025-06-02,P007,Ceramide Barrier Repair Cream,38,0,38,google,Canada
1469,C0266,2025-05-14,P001,10% Niacinamide Serum,28,0,0,meta,Canada
1440,C0248,2025-01-25,P008,AHA + BHA Glow Toner,29,0,29,google,UK
1282,C0155,2025-01-19,P001,10% Niacinamide Serum,28,0,0,google,Canada
1356,C0200,2025-01-04,P006,Peptide Firming Moisturizer,48,0,48,meta,UK
1126,C0069,2025-03-26,P004,Vitamin C Brightening Serum,36,0,0,google,Canada
1624,C0354,2025-01-25,P010,Caffeine Under Eye Serum,26,0,0,email,Australia
1339,C0189,2025-02-02,P004,Vitamin C Brightening Serum,36,5,0,organic,Australia
1015,C0008,2025-01-23,P006,Peptide Firming Moisturizer,48,0,0,meta,USA
1033,C0018,2025-04-18,P007,Ceramide Barrier Repair Cream,38,0,0,organic,UK
1370,C0210,2025-05-16,P001,10% Niacinamide Serum,28,0,0,google,Canada
1152,C0085,2025-03-19,P005,Retinol Renewal Night Cream,42,0,42,organic,UK
1000,C0001,2025-01-26,P009,SPF 50 Mineral Sunscreen,34,0,0,organic,Australia
1351,C0196,2025-01-23,P006,Peptide Firming Moisturizer,48,0,48,organic,Australia
1635,C0360,2025-03-01,P005,Retinol Renewal Night Cream,42,0,42,organic,USA
1329,C0183,2025-06-21,P001,10% Niacinamide Serum,28,0,28,meta,Australia
1270,C0149,2025-07-14,P003,Hyaluronic Acid Hydration Serum,30,5,0,organic,Canada
1203,C0110,2025-01-07,P009,SPF 50 Mineral Sunscreen,34,0,0,google,USA
1214,C0116,2025-04-06,P008,AHA + BHA Glow Toner,29,0,0,organic,Canada
1484,C0276,2025-04-05,P008,AHA + BHA Glow Toner,29,5,0,organic,UK
1039,C0021,2025-01-13,P001,10% Niacinamide Serum,28,0,28,meta,USA
1007,C0004,2025-05-01,P002,2% Salicylic Acid Exfoliant,32,5,0,email,Canada
1174,C0095,2025-03-26,P008,AHA + BHA Glow Toner,29,0,29,meta,Canada
1141,C0078,2025-02-27,P005,Retinol Renewal Night Cream,42,0,0,meta,Australia
1313,C0173,2025-05-15,P005,Retinol Renewal Night Cream,42,0,42,meta,USA
1654,C0371,2025-04-21,P003,Hyaluronic Acid Hydration Serum,30,0,0,meta,UK
1267,C0148,2025-05-18,P004,Vitamin C Brightening Serum,36,5,36,google,UK
1457,C0258,2025-05-29,P002,2% Salicylic Acid Exfoliant,32,0,32,organic,Canada
1631,C0358,2025-02-22,P009,SPF 50 Mineral Sunscreen,34,5,0,google,Australia
1145,C0080,2025-06-12,P005,Retinol Renewal Night Cream,42,5,0,meta,UK
1499,C0283,2025-02-16,P009,SPF 50 Mineral Sunscreen,34,0,0,google,UK
1027,C0014,2025-04-03,P006,Peptide Firming Moisturizer,48,5,0,google,Canada
1403,C0227,2025-05-23,P009,SPF 50 Mineral Sunscreen,34,5,34,google,UK
1169,C0093,2025-02-18,P008,AHA + BHA Glow Toner,29,5,0,organic,Canada
1191,C0103,2025-06-08,P009,SPF 50 Mineral Sunscreen,34,5,0,google,Canada
1075,C0043,2025-04-30,P005,Retinol Renewal Night Cream,42,0,42,google,UK
1405,C0228,2025-03-19,P008,AHA + BHA Glow Toner,29,5,0,meta,USA
1109,C0061,2025-06-04,P009,SPF 50 Mineral Sunscreen,34,0,0,meta,Australia
1176,C0096,2025-03-29,P007,Ceramide Barrier Repair Cream,38,0,38,organic,USA
1695,C0395,2025-03-13,P005,Retinol Renewal Night Cream,42,0,0,google,Australia
1076,C0043,2025-06-14,P003,Hyaluronic Acid Hydration Serum,30,5,0,google,UK
1322,C0179,2025-01-23,P002,2% Salicylic Acid Exfoliant,32,0,32,organic,Canada
1643,C0365,2025-01-15,P005,Retinol Renewal Night Cream,42,0,0,email,UK
1578,C0328,2025-04-27,P009,SPF 50 Mineral Sunscreen,34,5,0,meta,Canada
1587,C0332,2025-06-26,P007,Ceramide Barrier Repair Cream,38,0,0,meta,USA
1386,C0219,2025-04-23,P010,Caffeine Under Eye Serum,26,5,0,meta,Australia
1494,C0281,2025-04-27,P007,Ceramide Barrier Repair Cream,38,0,38,meta,UK
1482,C0275,2025-04-10,P005,Retinol Renewal Night Cream,42,0,0,meta,Canada
1326,C0182,2025-03-28,P010,Caffeine Under Eye Serum,26,5,0,meta,Canada
1530,C0304,2025-02-04,P006,Peptide Firming Moisturizer,48,0,0,meta,Australia
1121,C0067,2025-03-04,P010,Caffeine Under Eye Serum,26,5,26,google,UK
1051,C0029,2025-04-28,P007,Ceramide Barrier Repair Cream,38,0,0,meta,USA
1448,C0252,2025-05-21,P007,Ceramide Barrier Repair Cream,38,5,0,meta,UK
1488,C0278,2025-04-03,P010,Caffeine Under Eye Serum,26,0,0,google,USA
1651,C0368,2025-03-23,P007,Ceramide Barrier Repair Cream,38,0,0,meta,USA
1434,C0245,2025-05-08,P004,Vitamin C Brightening Serum,36,5,0,organic,Australia
1618,C0350,2025-04-04,P003,Hyaluronic Acid Hydration Serum,30,5,0,google,UK
1131,C0072,2025-03-01,P010,Caffeine Under Eye Serum,26,5,0,meta,UK
1012,C0006,2025-04-27,P010,Caffeine Under Eye Serum,26,5,26,email,USA
1399,C0225,2025-02-14,P007,Ceramide Barrier Repair Cream,38,5,38,meta,Australia
1621,C0352,2025-03-26,P008,AHA + BHA Glow Toner,29,0,0,meta,Canada
1398,C0224,2025-01-15,P003,Hyaluronic Acid Hydration Serum,30,5,0,meta,UK
1134,C0073,2025-05-27,P006,Peptide Firming Moisturizer,48,5,0,google,UK
1274,C0152,2025-03-13,P009,SPF 50 Mineral Sunscreen,34,0,0,meta,Canada
1428,C0243,2025-02-06,P008,AHA + BHA Glow Toner,29,0,0,organic,USA
1639,C0363,2025-04-07,P007,Ceramide Barrier Repair Cream,38,0,0,meta,UK
1308,C0171,2025-03-08,P006,Peptide Firming Moisturizer,48,0,0,organic,Australia
1160,C0087,2025-06-03,P006,Peptide Firming Moisturizer,48,0,0,organic,Australia
1626,C0355,2025-04-24,P003,Hyaluronic Acid Hydration Serum,30,0,0,meta,Australia
1159,C0087,2025-05-06,P003,Hyaluronic Acid Hydration Serum,30,5,0,organic,Australia
1216,C0118,2025-03-22,P009,SPF 50 Mineral Sunscreen,34,0,0,google,USA
1093,C0052,2025-02-11,P008,AHA + BHA Glow Toner,29,5,0,email,UK
1404,C0228,2025-01-23,P005,Retinol Renewal Night Cream,42,0,0,meta,USA
1502,C0284,2025-05-06,P010,Caffeine Under Eye Serum,26,5,0,organic,USA
1460,C0260,2025-03-30,P010,Caffeine Under Eye Serum,26,0,0,email,Canada
1120,C0067,2025-01-12,P001,10% Niacinamide Serum,28,0,0,google,UK
1490,C0279,2025-04-05,P004,Vitamin C Brightening Serum,36,5,0,google,Australia
1073,C0042,2025-05-25,P010,Caffeine Under Eye Serum,26,0,26,google,UK
1166,C0090,2025-04-25,P008,AHA + BHA Glow Toner,29,0,0,meta,USA
1659,C0374,2025-02-17,P003,Hyaluronic Acid Hydration Serum,30,5,0,meta,Canada
1142,C0078,2025-04-24,P003,Hyaluronic Acid Hydration Serum,30,5,0,meta,Australia
1077,C0044,2025-04-01,P006,Peptide Firming Moisturizer,48,0,0,organic,Canada
1413,C0234,2025-02-25,P007,Ceramide Barrier Repair Cream,38,0,0,google,Canada
1257,C0140,2025-03-06,P004,Vitamin C Brightening Serum,36,0,0,meta,UK
1414,C0235,2025-02-27,P003,Hyaluronic Acid Hydration Serum,30,5,0,meta,Canada
1301,C0166,2025-04-11,P002,2% Salicylic Acid Exfoliant,32,5,0,google,Australia
1354,C0198,2025-05-09,P001,10% Niacinamide Serum,28,5,0,meta,UK
1298,C0164,2025-05-02,P005,Retinol Renewal Night Cream,42,0,42,meta,Canada
1304,C0167,2025-06-12,P005,Retinol Renewal Night Cream,42,0,0,meta,USA
1686,C0390,2025-02-01,P005,Retinol Renewal Night Cream,42,5,42,meta,USA
1147,C0082,2025-04-02,P007,Ceramide Barrier Repair Cream,38,0,38,meta,Australia
1302,C0166,2025-05-03,P008,AHA + BHA Glow Toner,29,5,0,google,Australia
1315,C0175,2025-02-25,P008,AHA + BHA Glow Toner,29,0,0,meta,Australia
1606,C0344,2025-03-08,P008,AHA + BHA Glow Toner,29,0,0,google,Australia
1040,C0021,2025-03-10,P010,Caffeine Under Eye Serum,26,5,0,meta,USA
1235,C0130,2025-01-22,P007,Ceramide Barrier Repair Cream,38,5,0,organic,Australia
1362,C0204,2025-02-02,P006,Peptide Firming Moisturizer,48,0,48,google,USA
1589,C0333,2025-04-19,P009,SPF 50 Mineral Sunscreen,34,0,0,meta,Canada
1067,C0039,2025-02-07,P005,Retinol Renewal Night Cream,42,5,0,google,UK
1533,C0305,2025-05-21,P004,Vitamin C Brightening Serum,36,0,36,organic,USA
1034,C0018,2025-05-18,P008,AHA + BHA Glow Toner,29,5,0,organic,UK
1572,C0325,2025-02-21,P001,10% Niacinamide Serum,28,5,0,meta,UK
1320,C0177,2025-03-08,P009,SPF 50 Mineral Sunscreen,34,0,0,meta,Canada
1288,C0159,2025-01-07,P009,SPF 50 Mineral Sunscreen,34,0,0,email,USA
1340,C0189,2025-03-18,P008,AHA + BHA Glow Toner,29,0,29,organic,Australia
1154,C0085,2025-06-03,P008,AHA + BHA Glow Toner,29,5,0,organic,UK
1657,C0373,2025-01-30,P001,10% Niacinamide Serum,28,5,28,meta,Canada
1170,C0093,2025-03-10,P007,Ceramide Barrier Repair Cream,38,0,0,organic,Canada
1682,C0387,2025-02-28,P009,SPF 50 Mineral Sunscreen,34,5,34,meta,Australia
1463,C0263,2025-01-14,P002,2% Salicylic Acid Exfoliant,32,5,0,meta,UK
1348,C0194,2025-03-19,P005,Retinol Renewal Night Cream,42,0,0,meta,USA
1645,C0366,2025-05-01,P003,Hyaluronic Acid Hydration Serum,30,0,30,meta,Canada
